{"energy":[0.05,0.15,0.25,0.35,0.45,0.55,0.65,0.75,0.85,0.95,1.05,1.15,1.25,1.35,1.45,1.55,1.65,1.75,1.85,1.95,2.05,2.15,2.25,2.35,2.45,2.55,2.65,2.75,2.85,2.95,3.05,3.15,3.25,3.35,3.45,3.55,3.65,3.75,3.85,3.95,4.05,4.15,4.25,4.35,4.45,4.55,4.65,4.75,4.85,4.95,5.05,5.15,5.25,5.35,5.45,5.55,5.65,5.75,5.85,5.95,6.05,6.15,6.25,6.35,6.45,6.55,6.65,6.75,6.85,6.95,7.05,7.15,7.25,7.35,7.45,7.55,7.65,7.75,7.85,7.95,8.05,8.15,8.25,8.35,8.45,8.55,8.65,8.75,8.85,8.95,9.05,9.15,9.25,9.35,9.45,9.55,9.65,9.75,9.85,9.95,10.05],"U235_12h":[0.201995,0.575322,1.05662,1.60082,1.97378,2.01318,1.98938,1.96607,2.02806,1.98279,1.91389,1.86223,1.76851,1.65761,1.62775,1.58161,1.51513,1.43226,1.3429,1.25273,1.18522,1.0935,1.0094,0.936739,0.872085,0.820441,0.762899,0.719562,0.677134,0.629071,0.594632,0.560582,0.519627,0.484967,0.443068,0.407816,0.372132,0.34611,0.320699,0.293693,0.263896,0.241374,0.217455,0.198341,0.178238,0.158251,0.142597,0.131033,0.120683,0.10974,0.100377,0.0912796,0.0822221,0.0722568,0.0647853,0.0582125,0.0520204,0.0466234,0.0418159,0.0369807,0.032865,0.0292952,0.0257201,0.0230048,0.0203948,0.0183077,0.0161734,0.014329,0.0127193,0.0110011,0.00952083,0.00761159,0.00663064,0.00540415,0.00447216,0.00375163,0.00316409,0.00259961,0.00211567,0.00165224,0.00112955,0.000532037,0.000437719,0.000363362,0.000283145,0.000200826,0.000175214,0.000151641,0.000130246,0.000100634,0.0000778115,0.0000658794,0.0000567482,0.0000488573,0.0000415231,0.0000321826,0.0000275283,0.0000232406,0.0000181765,0.0000135216,0.0000122185],"U235_4500d":[0.81461,1.89852,2.29509,2.54886,2.63066,2.69104,2.61623,2.53747,2.57727,2.40176,2.26936,2.17254,1.98367,1.81715,1.75215,1.63733,1.56309,1.47289,1.38072,1.28361,1.21426,1.11763,1.03146,0.956964,0.890563,0.837115,0.777519,0.732015,0.68719,0.63477,0.59524,0.561115,0.520083,0.485342,0.443363,0.407865,0.37216,0.346135,0.320721,0.293713,0.263913,0.241389,0.217468,0.198352,0.178247,0.158257,0.142602,0.131038,0.120687,0.109744,0.100381,0.0912829,0.0822249,0.0722593,0.0647876,0.0582145,0.0520222,0.046625,0.0418173,0.0369819,0.0328659,0.029296,0.0257207,0.0230052,0.0203948,0.0183077,0.0161734,0.014329,0.0127193,0.0110011,0.00952083,0.00761159,0.00663064,0.00540415,0.00447216,0.00375163,0.00316409,0.00259961,0.00211567,0.00165224,0.00112955,0.000532037,0.000437719,0.000363362,0.000283145,0.000200826,0.000175214,0.000151641,0.000130246,0.000100634,0.0000778115,0.0000658794,0.0000567482,0.0000488573,0.0000415231,0.0000321826,0.0000275283,0.0000232406,0.0000181765,0.0000135216,0.0000122185],"PU239_15d":[0.422203,1.13857,1.52428,1.86223,2.26816,2.36264,2.30844,2.28245,2.31003,2.17723,2.02481,1.91059,1.70374,1.57469,1.52516,1.46396,1.38893,1.30284,1.20856,1.1122,1.03713,0.949422,0.864937,0.787501,0.727839,0.679666,0.62996,0.586125,0.547952,0.502546,0.470589,0.439211,0.404284,0.374074,0.338272,0.307004,0.278984,0.25653,0.234653,0.212615,0.188508,0.170171,0.150462,0.134751,0.119743,0.102738,0.091488,0.0833093,0.0761328,0.0687612,0.0625863,0.0566139,0.0507123,0.0438568,0.0390513,0.0346351,0.0305301,0.027182,0.0243714,0.0214881,0.0190322,0.0168899,0.0146754,0.0129962,0.0113041,0.0101014,0.00889934,0.00784997,0.00694215,0.00601569,0.00516181,0.00403838,0.00348201,0.00276719,0.00229293,0.00192503,0.0016237,0.00132222,0.00107237,0.000831228,0.000570804,0.000306585,0.000248452,0.000184632,0.000107506,0.0000660244,0.0000572613,0.0000492392,0.0000419914,0.0000299896,0.0000236676,0.0000189826,0.0000159292,0.000013898,0.0000119941,0.00000973616,0.00000839612,0.00000717163,0.00000574442,0.00000432106,0.00000392163],"PU239_450d":[0.796573,1.89773,2.22827,2.46465,2.64528,2.74789,2.64173,2.48827,2.50238,2.31358,2.1346,2.0161,1.79149,1.64101,1.58149,1.49564,1.41805,1.32922,1.23491,1.13817,1.06234,0.973184,0.88729,0.808475,0.746805,0.697271,0.646017,0.600473,0.560442,0.511949,0.47572,0.443683,0.408075,0.377172,0.340667,0.307047,0.279028,0.256573,0.234694,0.212656,0.188549,0.170209,0.150498,0.134784,0.119771,0.10276,0.0915088,0.0833291,0.0761516,0.0687793,0.0626031,0.0566293,0.0507256,0.0438691,0.0390622,0.034645,0.030539,0.0271899,0.0243782,0.021494,0.0190371,0.0168939,0.0146784,0.012998,0.0113043,0.0101016,0.00889955,0.00785015,0.00694232,0.00601584,0.00516193,0.00403848,0.0034821,0.00276727,0.00229299,0.00192509,0.00162375,0.00132226,0.00107239,0.000831252,0.00057082,0.000306592,0.000248458,0.000184637,0.000107511,0.0000660281,0.0000572645,0.000049242,0.0000419938,0.0000299916,0.0000236691,0.0000189838,0.0000159303,0.000013899,0.0000119949,0.00000973677,0.00000839664,0.00000717207,0.00000574476,0.00000432131,0.00000392185],"PU241_15d":[0.424938,1.15246,1.61253,2.02473,2.45266,2.59095,2.54777,2.52662,2.57483,2.46281,2.29588,2.17052,1.94669,1.82435,1.7725,1.7132,1.63713,1.54563,1.44412,1.34181,1.26021,1.16722,1.07544,0.987678,0.921126,0.864123,0.801808,0.750865,0.705781,0.652678,0.615078,0.577726,0.53642,0.499987,0.457404,0.4195,0.385933,0.356798,0.328566,0.300822,0.270242,0.245706,0.220912,0.200201,0.180372,0.157712,0.141361,0.128638,0.117313,0.106447,0.0963736,0.0867052,0.0774247,0.0677888,0.0601829,0.0532444,0.0466968,0.0414133,0.0368811,0.0322483,0.0284041,0.0252441,0.0219743,0.0194856,0.0170722,0.0152355,0.0134404,0.0118618,0.0105185,0.00909927,0.00783596,0.00629632,0.00544795,0.00435199,0.00355862,0.00303306,0.00258395,0.00211776,0.00174527,0.00138831,0.00102987,0.000656087,0.000535054,0.000399224,0.000235142,0.000156689,0.000136476,0.0001181,0.000101635,0.0000758766,0.0000619822,0.000049688,0.0000416113,0.0000362661,0.000031294,0.0000255122,0.0000219818,0.0000188285,0.0000152476,0.0000117281,0.0000105497],"PU241_450d":[0.753384,1.83024,2.26981,2.57268,2.81251,2.9566,2.86961,2.72842,2.76153,2.59468,2.39908,2.27034,2.03008,1.88663,1.82724,1.74949,1.67112,1.57687,1.47554,1.37293,1.29051,1.19605,1.10271,1.01339,0.944266,0.885683,0.821557,0.768602,0.721309,0.664649,0.622076,0.583807,0.541559,0.504161,0.460608,0.419384,0.385837,0.356717,0.328499,0.30077,0.270211,0.245683,0.220903,0.200194,0.180366,0.15771,0.141361,0.128639,0.117314,0.106451,0.0963775,0.0867091,0.0774281,0.0677926,0.0601864,0.0532476,0.0466997,0.041416,0.0368834,0.0322503,0.0284058,0.0252455,0.0219754,0.0194861,0.017072,0.0152355,0.0134405,0.0118618,0.0105185,0.00909932,0.00783601,0.00629636,0.00544798,0.00435202,0.00355865,0.00303309,0.00258397,0.00211778,0.00174528,0.00138831,0.00102987,0.000656085,0.000535053,0.000399224,0.000235143,0.00015669,0.000136477,0.000118101,0.000101636,0.0000758772,0.0000619827,0.0000496885,0.0000416117,0.0000362665,0.0000312943,0.0000255124,0.000021982,0.0000188286,0.0000152477,0.0000117281,0.0000105497],"U238_450d":[0.806654,1.93084,2.35693,2.67638,2.83076,2.96575,2.89888,2.77831,2.83101,2.69471,2.55028,2.4404,2.23075,2.07984,2.03162,1.94055,1.86822,1.77458,1.6745,1.57325,1.50006,1.40667,1.31821,1.23799,1.16904,1.11119,1.04604,0.993642,0.94423,0.886161,0.840184,0.798166,0.749896,0.706902,0.656369,0.610417,0.567387,0.531167,0.496218,0.460369,0.420645,0.388716,0.356409,0.328787,0.300881,0.27155,0.246489,0.226847,0.208935,0.191347,0.174983,0.15923,0.143548,0.128339,0.115165,0.103561,0.0922274,0.0831037,0.0749512,0.0669365,0.0600687,0.0539711,0.0481304,0.0433258,0.038801,0.0349244,0.0312314,0.0278622,0.0249408,0.0217964,0.0191068,0.0160393,0.0141359,0.0119205,0.0100826,0.00869629,0.00752655,0.00629344,0.00529772,0.00437444,0.00347723,0.00253939,0.00218233,0.00184939,0.00149481,0.0011828,0.00105456,0.000932433,0.000818305,0.000667809,0.000558965,0.000476918,0.00041133,0.000357173,0.000306985,0.000247957,0.000214475,0.000184161,0.000149808,0.000119033,0.000106145]}