{"energy":[2,2.25,2.5,2.75,3,3.25,3.5,3.75,4,4.25,4.5,4.75,5,5.25,5.5,5.75,6,6.25,6.5,6.75,7,7.25,7.5,7.75,8],"U235_12h":[1.32,1.12,0.915,0.77,0.651,0.553,0.454,0.364,0.294,0.23,0.179,0.138,0.11,0.0864,0.0646,0.051,0.0389,0.0287,0.0217,0.0161,0.0114,0.00717,0.00464,0.00297,0.00162],"U235_12h_u":[0.018,0.018,0.019,0.019,0.019,0.02,0.02,0.021,0.021,0.023,0.025,0.025,0.026,0.026,0.028,0.03,0.032,0.034,0.035,0.037,0.039,0.045,0.048,0.052,0.072],"PU239_3h":[1.08,0.92,0.719,0.62,0.515,0.398,0.329,0.261,0.195,0.157,0.113,0.0833,0.0613,0.0483,0.0354,0.0292,0.0192,0.0128,0.00998,0.00754,0.00498,0.00326,0.00195,0.000847,0.000587],"PU239_3h_u":[0.026,0.026,0.025,0.026,0.029,0.031,0.033,0.033,0.034,0.04,0.049,0.05,0.047,0.051,0.057,0.064,0.085,0.094,0.098,0.11,0.13,0.18,0.23,0.27,0.29],"PU241_43h":[1.26,1.08,0.894,0.777,0.641,0.536,0.439,0.346,0.282,0.22,0.166,0.125,0.0974,0.0747,0.0558,0.0411,0.0305,0.0198,0.0154,0.0109,0.0077,0.0044,0.0029,0.0017,0.001],"PU241_43h_u":[0.025,0.024,0.023,0.023,0.024,0.025,0.025,0.025,0.026,0.029,0.034,0.035,0.034,0.035,0.038,0.043,0.05,0.055,0.057,0.059,0.0615,0.0757,0.088,0.0948,0.1306]}