{"energy":[2,2.25,2.5,2.75,3,3.25,3.5,3.75,4,4.25,4.5,4.75,5,5.25,5.5,5.75,6,6.25,6.5,6.75,7,7.25,7.5,7.75,8],"U235":[1.25,1.06,0.868,0.731,0.618,0.525,0.431,0.345,0.279,0.218,0.17,0.131,0.104,0.082,0.0613,0.0484,0.0369,0.0272,0.0206,0.0153,0.0108,0.0068,0.0044,0.00282,0.00154],"U238":[1.54,1.35,1.18,1.04,0.91,0.755,0.627,0.513,0.421,0.332,0.264,0.206,0.161,0.127,0.0979,0.0734,0.0533,0.0377,0.0289,0.0266,0.0199,0.0108,0.00677,0.0047,0.003]}