{"energy":[2,2.25,2.5,2.75,3,3.25,3.5,3.75,4,4.25,4.5,4.75,5,5.25,5.5,5.75,6,6.25,6.5,6.75,7,7.25,7.5,7.75,8],"U235_12h":[1.31,1.11,0.927,0.775,0.651,0.547,0.449,0.363,0.288,0.227,0.177,0.137,0.109,0.0854,0.0656,0.0499,0.0368,0.0274,0.0207,0.0156,0.0111,0.00691,0.0043,0.00278,0.00149],"PU239_15d":[1.13,0.919,0.728,0.613,0.504,0.41,0.321,0.254,0.2,0.151,0.11,0.0797,0.0615,0.0468,0.035,0.0255,0.0182,0.0132,0.00982,0.00732,0.00513,0.00315,0.00183,0.00103,0.000491],"PU241_15d":[1.27,1.07,0.906,0.763,0.639,0.531,0.433,0.351,0.282,0.218,0.165,0.122,0.0959,0.0736,0.0552,0.0401,0.0281,0.0204,0.015,0.0107,0.0072,0.00447,0.00254,0.00165,0.000963],"U238_12h":[1.43,1.26,1.12,0.98,0.87,0.757,0.64,0.539,0.45,0.367,0.294,0.232,0.183,0.143,0.11,0.0835,0.0621,0.047,0.0358,0.0271,0.0195,0.0132,0.00865,0.00601,0.00384],"U238_450d":[1.48,1.3,1.15,1,0.876,0.759,0.642,0.539,0.451,0.367,0.293,0.232,0.183,0.143,0.11,0.0835,0.0621,0.047,0.0358,0.0271,0.0195,0.0133,0.00865,0.00601,0.00384],"U238_450d_u":[0.1,0.1,0.1,0.1,0.1,0.1,0.1,0.1,0.1,0.1,0.1,0.1,0.1,0.1,0.15,0.15,0.15,0.15,0.15,0.15,0.2,0.2,0.2,0.2,0.2]}